test_code,model,baseline_label,baseline_index,variable,hr,ci_lower,ci_upper,n
A1C,bayesian,1,1,cv,1.0792898705386067,0.6421926261096906,1.8138897540817849,429
A1C,bayesian,1,1,mu,1.229826579981001,0.6710087431151038,2.25402937345679,429
A1C,bayesian,2,2,cv,1.087966673900599,0.7500624352261981,1.578097272877517,560
A1C,bayesian,2,2,mu,1.1306893468250856,0.7372279138040703,1.7341426919484613,560
A1C,bayesian,3,3,cv,1.2319491345136857,0.9256718550245636,1.6395644544996402,666
A1C,bayesian,3,3,mu,1.3101979939846051,0.8998810190814929,1.907606391335416,666
A1C,bayesian,4,4,cv,1.3012418311491654,1.0209689226390917,1.6584543031492285,789
A1C,bayesian,4,4,mu,1.1503940986087626,0.8534556430804349,1.5506448318007566,789
A1C,bayesian,5,5,cv,1.3241687133593485,0.989924325229073,1.7712695170249526,451
A1C,bayesian,5,5,mu,1.240723647689409,0.865645573731437,1.7783203849816065,451
ALB,bayesian,1,1,cv,1.2033412978068014,1.0905471303569243,1.3278016499235863,10972
ALB,bayesian,1,1,mu,0.641324435496689,0.576960041800669,0.7128691794348626,10972
ALB,bayesian,2,2,cv,1.2038268991944248,1.1170566136645346,1.297337292932653,14158
ALB,bayesian,2,2,mu,0.5925298164532334,0.5469013766842009,0.6419650751562005,14158
ALB,bayesian,3,3,cv,1.2420523191274564,1.1710002141573363,1.3174156117127878,17730
ALB,bayesian,3,3,mu,0.5838727235438312,0.547226891262873,0.622972596452188,17730
ALB,bayesian,4,4,cv,1.2587557310319553,1.199567147689379,1.3208647748129898,21233
ALB,bayesian,4,4,mu,0.5654931868054598,0.5357194576056877,0.596921653270933,21233
ALB,bayesian,5,5,cv,1.3158734941608423,1.2450334084645251,1.3907442490001274,15129
ALB,bayesian,5,5,mu,0.5877457733227072,0.5514956904475473,0.626378591967551,15129
ALK,bayesian,1,1,cv,1.0563312437545322,0.959030806071372,1.163503496934545,11010
ALK,bayesian,1,1,mu,1.2352431052585997,1.138630937204005,1.340052759180853,11010
ALK,bayesian,2,2,cv,1.1763099276757505,1.0945748871653729,1.2641483576623231,14163
ALK,bayesian,2,2,mu,1.3287575311963302,1.2524843616783232,1.409675546244007,14163
ALK,bayesian,3,3,cv,1.2693856613607548,1.202266782610374,1.340251581907406,17721
ALK,bayesian,3,3,mu,1.3332943990624289,1.2704568045583338,1.39923998060622,17721
ALK,bayesian,4,4,cv,1.3626284895001106,1.3067076235145023,1.4209425023506386,21097
ALK,bayesian,4,4,mu,1.368705163098649,1.3156336320049034,1.423917554188762,21097
ALK,bayesian,5,5,cv,1.3924709570980802,1.330825431534451,1.4569719817617186,14934
ALK,bayesian,5,5,mu,1.387649660421882,1.327243574192537,1.4508049746938392,14934
ALT,bayesian,1,1,cv,1.2390577277323742,1.1283491284297007,1.360628562535346,9987
ALT,bayesian,1,1,mu,0.7935287626665541,0.6985978944360345,0.9013595692089054,9987
ALT,bayesian,2,2,cv,1.3298987572109302,1.2429848947881292,1.4228899416614755,12930
ALT,bayesian,2,2,mu,0.7484433683761669,0.6755569037887521,0.8291936216248454,12930
ALT,bayesian,3,3,cv,1.3070378018383126,1.2383877183009115,1.3794935061034117,16303
ALT,bayesian,3,3,mu,0.8092282707157632,0.7481765069912916,0.8752619041180968,16303
ALT,bayesian,4,4,cv,1.3441366006660578,1.2876234491534142,1.403130086235984,19704
ALT,bayesian,4,4,mu,0.7665219063416265,0.7173222341972021,0.8190960838669248,19704
ALT,bayesian,5,5,cv,1.3519185970369934,1.286822290073519,1.4203079221685329,14075
ALT,bayesian,5,5,mu,0.8552445568241595,0.7959055518077823,0.9190076012360856,14075
AST,bayesian,1,1,cv,1.1494613683208954,1.038023403308283,1.2728628594029332,9730
AST,bayesian,1,1,mu,0.9008004258442824,0.809643169616426,1.0022210248320462,9730
AST,bayesian,2,2,cv,1.2290454984517707,1.1354412242424996,1.33036638534268,12712
AST,bayesian,2,2,mu,0.8864759497886395,0.8157556608972661,0.96332719124414,12712
AST,bayesian,3,3,cv,1.23258765283181,1.1570022876870227,1.3131109057274435,15986
AST,bayesian,3,3,mu,0.9249747526760218,0.8655892994275823,0.9884344615325824,15986
AST,bayesian,4,4,cv,1.3118880381230784,1.2447402169108253,1.3826581652850365,19124
AST,bayesian,4,4,mu,0.9066007440607062,0.8577615297517416,0.9582207648894124,19124
AST,bayesian,5,5,cv,1.3940269356445774,1.311901160499544,1.4812938320464926,13465
AST,bayesian,5,5,mu,0.9162148179362112,0.8588952007871304,0.977359742884318,13465
BIL,bayesian,1,1,cv,1.1060500621787548,1.0017001497460394,1.2212703974894903,10564
BIL,bayesian,1,1,mu,0.8015139494045695,0.7203899408940968,0.8917734335556923,10564
BIL,bayesian,2,2,cv,1.0556064267559773,0.9759673771693044,1.1417440318962837,13662
BIL,bayesian,2,2,mu,0.8299331969016236,0.7634265263113246,0.9022336630708868,13662
BIL,bayesian,3,3,cv,1.0643659086303534,1.000354726710157,1.1324730690084073,17108
BIL,bayesian,3,3,mu,0.9280186755242724,0.8700895684519355,0.9898046055811314,17108
BIL,bayesian,4,4,cv,1.1194736266580074,1.0637451977931045,1.1781216059849888,20369
BIL,bayesian,4,4,mu,0.94487119561353,0.8953747593073005,0.99710380153092,20369
BIL,bayesian,5,5,cv,1.149523123871339,1.0849898540280043,1.2178947180097923,14379
BIL,bayesian,5,5,mu,0.8779939825983635,0.8234597673758041,0.9361397654381458,14379
BILD,bayesian,1,1,cv,1.1891595940092423,0.9419566925486936,1.5012373193060848,679
BILD,bayesian,1,1,mu,0.988940180690558,0.7267410254351497,1.345737541648589,679
BILD,bayesian,2,2,cv,1.192848576346986,0.974584568837286,1.4599941057866197,925
BILD,bayesian,2,2,mu,0.9574167229544192,0.748649694061456,1.224400128209406,925
BILD,bayesian,3,3,cv,1.037287003602397,0.8671389349588452,1.2408211469520791,1251
BILD,bayesian,3,3,mu,1.172780060719196,0.9886712942228736,1.39117326340666,1251
BILD,bayesian,4,4,cv,1.0472765102036206,0.9027917199349548,1.2148849669371098,1545
BILD,bayesian,4,4,mu,1.2313754091456492,1.070590786246071,1.4163071621093728,1545
BILD,bayesian,5,5,cv,1.1271564743696394,0.9509666586785496,1.3359897595977128,1066
BILD,bayesian,5,5,mu,1.3960625918757428,1.1911321368696206,1.6362506728740458,1066
BUN,bayesian,1,1,cv,1.0043272664135152,0.8953018394011809,1.1266292703433862,11090
BUN,bayesian,1,1,mu,1.2370277035882675,1.100376000951413,1.3906496853091863,11090
BUN,bayesian,2,2,cv,0.9714635613344312,0.8851345995543064,1.066212360781942,14695
BUN,bayesian,2,2,mu,1.2486457349200908,1.1353317494758317,1.373269242275624,14695
BUN,bayesian,3,3,cv,1.0899427808268085,1.0154923037536214,1.169851569613375,18925
BUN,bayesian,3,3,mu,1.283462341511587,1.1901496860663334,1.384091094896607,18925
BUN,bayesian,4,4,cv,1.149566713034411,1.0847232653774073,1.2182864237331077,22904
BUN,bayesian,4,4,mu,1.258953342651312,1.1819234008075017,1.3410035860953844,22904
BUN,bayesian,5,5,cv,1.1790906058113244,1.10620440720445,1.256779169978092,17741
BUN,bayesian,5,5,mu,1.3029213791547447,1.2143085858833906,1.3980005906188344,17741
CA,bayesian,1,1,cv,1.143936790208976,1.0366982736874948,1.262268312012334,12822
CA,bayesian,1,1,mu,0.8815926291599813,0.8021261591226545,0.9689318256859946,12822
CA,bayesian,2,2,cv,1.2042125312954546,1.1131699835674729,1.302701152506516,17128
CA,bayesian,2,2,mu,0.9032563012294272,0.8390407435089845,0.9723865640881472,17128
CA,bayesian,3,3,cv,1.255236477266761,1.1794095743979554,1.335938462823962,22043
CA,bayesian,3,3,mu,0.914736517008746,0.8632682143617603,0.9692733748663744,22043
CA,bayesian,4,4,cv,1.3161039956953329,1.2501984372183272,1.3854838367412965,26859
CA,bayesian,4,4,mu,0.8663250905728622,0.8259846087750626,0.9086357718809068,26859
CA,bayesian,5,5,cv,1.2864039311053028,1.215644183750191,1.3612824345180574,20698
CA,bayesian,5,5,mu,0.8944718760842708,0.8482147335275099,0.9432516383892386,20698
CHOL,bayesian,1,1,cv,1.0877036807346412,0.9198177851311282,1.2862322475260954,4313
CHOL,bayesian,1,1,mu,0.7313686894316644,0.6161867520580269,0.8680812401345143,4313
CHOL,bayesian,2,2,cv,1.1624205021278384,1.0296288896434218,1.312338297185005,6363
CHOL,bayesian,2,2,mu,0.707712847671649,0.6225409558834792,0.804537388305196,6363
CHOL,bayesian,3,3,cv,1.1513990922249029,1.0555644605182024,1.255934544182647,8813
CHOL,bayesian,3,3,mu,0.6665343245099916,0.6070248328726112,0.7318778107439039,8813
CHOL,bayesian,4,4,cv,1.2268810872252078,1.152242894538348,1.3063540763199837,11421
CHOL,bayesian,4,4,mu,0.6725497874671946,0.6265159366585556,0.7219660189884042,11421
CHOL,bayesian,5,5,cv,1.1218986916066538,1.0421854282189202,1.2077089548063895,8521
CHOL,bayesian,5,5,mu,0.7247413243826898,0.6689540438470631,0.7851809733406115,8521
CL,bayesian,1,1,cv,1.007176997430296,0.9188416056576896,1.1040047576280725,13061
CL,bayesian,1,1,mu,0.9358776054907813,0.8563315240006399,1.0228128568328914,13061
CL,bayesian,2,2,cv,1.1909364705197667,1.1004885010510144,1.2888182615806645,17406
CL,bayesian,2,2,mu,0.9060956408527095,0.8453254719088017,0.9712345571681263,17406
CL,bayesian,3,3,cv,1.3395524803265029,1.258887692360564,1.425385964481209,22332
CL,bayesian,3,3,mu,0.8882304112159687,0.8414149052202275,0.9376506863785498,22332
CL,bayesian,4,4,cv,1.373695562528304,1.3055533416166585,1.445394407380739,27159
CL,bayesian,4,4,mu,0.8963002715371389,0.8570272199791796,0.937373000564749,27159
CL,bayesian,5,5,cv,1.411285511977607,1.3326609628593873,1.4945487650845592,20979
CL,bayesian,5,5,mu,0.8931103726897622,0.8494685220248211,0.9389943442574544,20979
CO2,bayesian,1,1,cv,1.117963272487416,1.017642440000408,1.228173894388948,13417
CO2,bayesian,1,1,mu,0.8723546566492517,0.7986058946051295,0.952913886709929,13417
CO2,bayesian,2,2,cv,1.189586675323313,1.1028197702321445,1.2831801680603625,17845
CO2,bayesian,2,2,mu,0.8782573178078157,0.8195978603831592,0.9411150926167396,17845
CO2,bayesian,3,3,cv,1.2490982687517298,1.178769522792997,1.3236230279365326,22925
CO2,bayesian,3,3,mu,0.8706915664672555,0.8247672694296526,0.9191729982707136,22925
CO2,bayesian,4,4,cv,1.32424300330971,1.2625066546503696,1.3889982483303078,27899
CO2,bayesian,4,4,mu,0.8532107330412463,0.8159142507808956,0.8922120851303386,27899
CO2,bayesian,5,5,cv,1.3007844231481964,1.2337724892546478,1.3714360874809173,21534
CO2,bayesian,5,5,mu,0.8634011342409784,0.8213929671293181,0.9075577079919708,21534
CRE,bayesian,1,1,cv,1.125399766422677,1.0092194278619877,1.2549546702121304,12097
CRE,bayesian,1,1,mu,0.9872633324930346,0.8659629971644142,1.1255548919259364,12097
CRE,bayesian,2,2,cv,1.209452206386247,1.1143616993176495,1.3126569590719537,16131
CRE,bayesian,2,2,mu,0.9382622237301756,0.847271033136462,1.0390252540798317,16131
CRE,bayesian,3,3,cv,1.2479542501792524,1.1708787372855165,1.3301034180115052,20646
CRE,bayesian,3,3,mu,0.9831547142099568,0.905769050676938,1.0671519316660978,20646
CRE,bayesian,4,4,cv,1.4066465771377477,1.3405962859676075,1.475951122410577,24692
CRE,bayesian,4,4,mu,0.9963297801514458,0.9311498587745886,1.066072256213415,24692
CRE,bayesian,5,5,cv,1.4223140859010948,1.347348529403522,1.5014506750144665,18497
CRE,bayesian,5,5,mu,1.0831491058172666,1.00266812679864,1.170090036848607,18497
FER,bayesian,1,1,cv,1.0382476642527103,0.6905986316349827,1.5609040663375735,515
FER,bayesian,1,1,mu,0.9015910787976558,0.6014030290935254,1.3516168593176645,515
FER,bayesian,2,2,cv,1.301700153273204,1.0016252357179865,1.6916739201532631,821
FER,bayesian,2,2,mu,0.9080079226550932,0.6808100973561622,1.2110254986025804,821
FER,bayesian,3,3,cv,1.140915947981185,0.9238515555501596,1.408980904494599,1114
FER,bayesian,3,3,mu,1.1588766855687558,0.956390545764421,1.4042330074283618,1114
FER,bayesian,4,4,cv,1.408773217313875,1.1893097763639149,1.6687342669363625,1349
FER,bayesian,4,4,mu,1.060065237733131,0.8976651969616847,1.251845690412975,1349
FER,bayesian,5,5,cv,1.246349056126999,1.005694561231854,1.5445902062013257,854
FER,bayesian,5,5,mu,1.0853648440429111,0.8885331323722409,1.32579956983616,854
GLU,bayesian,1,1,cv,1.252356799914514,1.1324997291075924,1.3848988339520545,11602
GLU,bayesian,1,1,mu,1.009015058974762,0.9110707358468796,1.1174888504035465,11602
GLU,bayesian,2,2,cv,1.2354134678001178,1.1409358753612695,1.3377144757926358,15295
GLU,bayesian,2,2,mu,1.0918000381804576,1.00973292754429,1.1805372399510687,15295
GLU,bayesian,3,3,cv,1.2739199752701242,1.196423121813612,1.356436593211425,19678
GLU,bayesian,3,3,mu,1.186234359486833,1.116722856729727,1.2600726734902865,19678
GLU,bayesian,4,4,cv,1.279017590861509,1.2143273883402177,1.3471539993585755,23742
GLU,bayesian,4,4,mu,1.1691216058295333,1.1118870280624031,1.2293023434218124,23742
GLU,bayesian,5,5,cv,1.2831696483442117,1.2091033560837428,1.3617730346600487,18027
GLU,bayesian,5,5,mu,1.1275686847343953,1.0640755173141083,1.1948504764049954,18027
HB,bayesian,1,1,cv,1.2137118349194955,1.0821257068771666,1.361298792609556,9082
HB,bayesian,1,1,mu,0.7728404977302531,0.6665237539646158,0.8961157518830957,9082
HB,bayesian,2,2,cv,1.339294090363928,1.2288495706066729,1.4596649609424546,11811
HB,bayesian,2,2,mu,0.7527339556337244,0.6689259100676134,0.8470421005320639,11811
HB,bayesian,3,3,cv,1.45839716313941,1.3629408160674903,1.560538990673061,14956
HB,bayesian,3,3,mu,0.7494048263663511,0.6805269925707236,0.8252539574656413,14956
HB,bayesian,4,4,cv,1.539032729688675,1.4570265991416087,1.6256544283051673,17948
HB,bayesian,4,4,mu,0.7391158273201792,0.6821951667261453,0.800785805646864,17948
HB,bayesian,5,5,cv,1.6064420768541394,1.5093131100266295,1.7098215931099336,12778
HB,bayesian,5,5,mu,0.7878864834173163,0.7182277906167402,0.8643011574623917,12778
HCT,bayesian,1,1,cv,1.1691399999021486,1.0418912574723178,1.311929944289328,8880
HCT,bayesian,1,1,mu,0.7936534120230552,0.696594528326652,0.904235839935376,8880
HCT,bayesian,2,2,cv,1.2803662672851666,1.1701218252743908,1.4009975226445586,11548
HCT,bayesian,2,2,mu,0.805660795356305,0.7244300179190354,0.8960000291521578,11548
HCT,bayesian,3,3,cv,1.3644002862950282,1.2738343170451245,1.461405236404861,14643
HCT,bayesian,3,3,mu,0.835574251697763,0.7677226920249942,0.9094225523785172,14643
HCT,bayesian,4,4,cv,1.5021433435207527,1.4212145592223029,1.5876804876798063,17593
HCT,bayesian,4,4,mu,0.7986758905542255,0.7437267997982705,0.8576848088916595,17593
HCT,bayesian,5,5,cv,1.4946327301138818,1.4042437877733962,1.5908398651133402,12607
HCT,bayesian,5,5,mu,0.8510589532241013,0.7840639241368383,0.9237784312806804,12607
HDL,bayesian,1,1,cv,1.185688540977616,0.961718309249848,1.4618181880120524,4038
HDL,bayesian,1,1,mu,0.9773272534980624,0.7627811737791103,1.2522183206197852,4038
HDL,bayesian,2,2,cv,1.129547938042349,0.957173830079152,1.3329642999435278,5714
HDL,bayesian,2,2,mu,0.9632440610149468,0.7933253577925183,1.1695568683980326,5714
HDL,bayesian,3,3,cv,1.3554394761489446,1.2103995606889606,1.5178592533999102,7659
HDL,bayesian,3,3,mu,0.947967343813238,0.8238019393428935,1.0908472558988251,7659
HDL,bayesian,4,4,cv,1.375373587863756,1.265947511807948,1.494258244160281,9685
HDL,bayesian,4,4,mu,0.969857886167156,0.8752055708563414,1.074746723150167,9685
HDL,bayesian,5,5,cv,1.3672133870910708,1.2467170870390805,1.499355760239486,6798
HDL,bayesian,5,5,mu,0.9625473331832998,0.8573582769217707,1.080642006448863,6798
HSCRP,bayesian,1,1,cv,0.8117846127641988,0.5207838782580548,1.265389127875768,1285
HSCRP,bayesian,1,1,mu,1.555448480306564,1.1853156678552426,2.0411608827088186,1285
HSCRP,bayesian,2,2,cv,0.9901626323529528,0.7261245919690565,1.3502118635721798,1606
HSCRP,bayesian,2,2,mu,1.5491229941861668,1.2425605394671833,1.931320024169892,1606
HSCRP,bayesian,3,3,cv,1.1278253824416216,0.9729215483718991,1.307392251110232,1876
HSCRP,bayesian,3,3,mu,1.4837919792307346,1.2358248752331622,1.7815134504507195,1876
HSCRP,bayesian,4,4,cv,1.2255550731590914,1.1159296083430006,1.345949803748127,2145
HSCRP,bayesian,4,4,mu,1.5822498585541322,1.361453817376752,1.8388538655819713,2145
HSCRP,bayesian,5,5,cv,1.089337999972649,0.9125278961964676,1.300406577300869,1585
HSCRP,bayesian,5,5,mu,1.5520480152898946,1.2959422938553735,1.85876566664019,1585
IGAP,bayesian,1,1,cv,1.002085470414769,0.9161010213682992,1.0961403454354204,13247
IGAP,bayesian,1,1,mu,1.1518808610821616,1.055324319024288,1.2572718113367436,13247
IGAP,bayesian,2,2,cv,0.9312106134367876,0.869871229469986,0.9968753732729796,18005
IGAP,bayesian,2,2,mu,1.1884200220556809,1.1118510898291094,1.2702619638029953,18005
IGAP,bayesian,3,3,cv,0.9367246490035328,0.8878054000126818,0.988339413162229,23257
IGAP,bayesian,3,3,mu,1.2023063464804178,1.1412738946372094,1.266602660044723,23257
IGAP,bayesian,4,4,cv,0.9455795053958812,0.9051056285555356,0.9878632645911756,28427
IGAP,bayesian,4,4,mu,1.2050696195448385,1.1547498303386998,1.2575821617778442,28427
IGAP,bayesian,5,5,cv,0.9403316863925876,0.8947227446530359,0.988265566867667,21821
IGAP,bayesian,5,5,mu,1.2005125009082265,1.1436400576983246,1.2602131720862648,21821
K,bayesian,1,1,cv,1.102087772644734,1.0044505334721143,1.209215803205854,13090
K,bayesian,1,1,mu,1.0911350811819387,0.99813112140433,1.192804973068893,13090
K,bayesian,2,2,cv,1.085122299866636,1.0106084131490636,1.1651302228909692,17517
K,bayesian,2,2,mu,1.0976180027840836,1.0246122624123146,1.1758255529747998,17517
K,bayesian,3,3,cv,1.1496996001253204,1.086698569202177,1.216353097343964,22572
K,bayesian,3,3,mu,1.1675041870457947,1.1063224393278468,1.232069402476914,22572
K,bayesian,4,4,cv,1.1627211670924869,1.1099574168101805,1.217993133727682,27500
K,bayesian,4,4,mu,1.2014023139411378,1.1495079747891124,1.25563941407881,27500
K,bayesian,5,5,cv,1.1969115655500235,1.135958133663432,1.261135646898644,21181
K,bayesian,5,5,mu,1.1962487755388738,1.1385267561984789,1.2568972360002997,21181
LD,bayesian,1,1,cv,0.8532888147645057,0.5848223793666584,1.2449964760081906,300
LD,bayesian,1,1,mu,0.9116994756476248,0.6327588668169919,1.313606142063837,300
LD,bayesian,2,2,cv,0.9650445993395568,0.7047740966722488,1.321432049094657,410
LD,bayesian,2,2,mu,1.0770193282405771,0.7870941385857496,1.4737381166222616,410
LD,bayesian,3,3,cv,0.8049962856982725,0.5937059199935977,1.0914814863139697,518
LD,bayesian,3,3,mu,1.0711369697638171,0.8043904574285721,1.4263401528438613,518
LD,bayesian,4,4,cv,1.2012531871919756,0.9620486801538622,1.4999336826781948,675
LD,bayesian,4,4,mu,1.2127608570880744,0.9444286381126934,1.557331954084073,675
LD,bayesian,5,5,cv,1.4239648971969412,1.1259494861561332,1.8008587892973391,521
LD,bayesian,5,5,mu,1.495841199289093,1.1182163965014758,2.0009909535320243,521
LYMPH,bayesian,1,1,cv,1.2743105563441115,1.1443620807662545,1.4190153809733996,6747
LYMPH,bayesian,1,1,mu,0.87137267995349,0.766902293378249,0.990074425289054,6747
LYMPH,bayesian,2,2,cv,1.2986940085510998,1.1898760992944797,1.4174636576418114,8170
LYMPH,bayesian,2,2,mu,0.8749922111566202,0.788437793371368,0.9710485418399204,8170
LYMPH,bayesian,3,3,cv,1.3832268198211113,1.289508315622412,1.4837565697658317,9703
LYMPH,bayesian,3,3,mu,0.854822671494738,0.7822336880863515,0.9341476988660908,9703
LYMPH,bayesian,4,4,cv,1.4615747244283783,1.3790935727526978,1.548988928158074,10999
LYMPH,bayesian,4,4,mu,0.8834692516791728,0.8197472776645263,0.952144569343696,10999
LYMPH,bayesian,5,5,cv,1.416430336147602,1.3189583751911138,1.5211055442659474,7597
LYMPH,bayesian,5,5,mu,1.0021304576570744,0.9207957040170928,1.0906495868548651,7597
MCH,bayesian,1,1,cv,1.2215604129950026,1.1102447082707858,1.3440368879763895,9209
MCH,bayesian,1,1,mu,0.9137580193530016,0.8257336984094303,1.0111658510973338,9209
MCH,bayesian,2,2,cv,1.319841428078926,1.227725804514468,1.4188684385943364,11929
MCH,bayesian,2,2,mu,0.974005665976206,0.8984407746800753,1.0559260711331466,11929
MCH,bayesian,3,3,cv,1.3933746506183358,1.3178739928108916,1.4732007214473988,15095
MCH,bayesian,3,3,mu,0.9573590473900142,0.8972630848465989,1.02148005540227,15095
MCH,bayesian,4,4,cv,1.4261388773348822,1.3642134521662803,1.4908752689810707,18117
MCH,bayesian,4,4,mu,0.9690225468857095,0.9185793532144216,1.0222357960550392,18117
MCH,bayesian,5,5,cv,1.450551284275655,1.380408850728108,1.52425785100112,12963
MCH,bayesian,5,5,mu,0.9526499332769606,0.8957743572868461,1.0131367213071305,12963
MCHC,bayesian,1,1,cv,1.0866334864144336,0.9803349385374746,1.2044580758885706,9307
MCHC,bayesian,1,1,mu,0.7606082766921379,0.6778401556831537,0.8534828539178589,9307
MCHC,bayesian,2,2,cv,1.1844031461867233,1.090487304831003,1.2864072845987025,11939
MCHC,bayesian,2,2,mu,0.7645344677503233,0.696075181173345,0.8397267539304891,11939
MCHC,bayesian,3,3,cv,1.280923898105511,1.199674368074391,1.3676761597994525,15121
MCHC,bayesian,3,3,mu,0.7754653283607081,0.7190860092514602,0.8362650194175778,15121
MCHC,bayesian,4,4,cv,1.3102296790221335,1.2424706750992902,1.3816839674330783,18102
MCHC,bayesian,4,4,mu,0.746752423173638,0.7016185527682021,0.7947896749816002,18102
MCHC,bayesian,5,5,cv,1.3789035852095672,1.3004045175744412,1.4621412580527695,13072
MCHC,bayesian,5,5,mu,0.7588596748667789,0.7068598402538454,0.814684854542181,13072
MCV,bayesian,1,1,cv,1.1604347125869934,1.050298766325512,1.2821196838000593,9242
MCV,bayesian,1,1,mu,1.0908038435246248,0.9834394721696452,1.209889432669469,9242
MCV,bayesian,2,2,cv,1.3600992980767552,1.261677862437676,1.466198429648885,11923
MCV,bayesian,2,2,mu,1.1167826504023612,1.026410163451895,1.2151121770319215,11923
MCV,bayesian,3,3,cv,1.380903588462936,1.3039226135700108,1.4624293656576173,15119
MCV,bayesian,3,3,mu,1.134892325996716,1.060247907294689,1.214791920592068,15119
MCV,bayesian,4,4,cv,1.396646657250047,1.33450197979282,1.4616852689199926,18235
MCV,bayesian,4,4,mu,1.1144375606197343,1.0537080746249117,1.1786671341226729,18235
MCV,bayesian,5,5,cv,1.4470057927725768,1.3757881517924566,1.5219100132454515,13037
MCV,bayesian,5,5,mu,1.1077267624706235,1.0384313514161962,1.181646315493274,13037
MG,bayesian,1,1,cv,0.7782004054574571,0.5823043635644136,1.0399988544601737,413
MG,bayesian,1,1,mu,1.318973769800332,0.9887538919657096,1.7594790974351298,413
MG,bayesian,2,2,cv,0.9884462131438316,0.7648799994329135,1.2773584313915305,540
MG,bayesian,2,2,mu,1.2366759479253846,0.9693953417490598,1.5776508657631292,540
MG,bayesian,3,3,cv,0.9705274912229463,0.79487868667603,1.1849903979164154,719
MG,bayesian,3,3,mu,1.0148862643762089,0.8309955140172365,1.2394701442373028,719
MG,bayesian,4,4,cv,1.1078805118571335,0.9377755788660984,1.3088411089110692,903
MG,bayesian,4,4,mu,1.2299551865856333,1.0511676342332907,1.439151769653097,903
MG,bayesian,5,5,cv,0.9942942558648028,0.8214469641454646,1.2035117425678052,654
MG,bayesian,5,5,mu,1.2819788143240978,1.070537245812191,1.535182159055997,654
MONOC,bayesian,1,1,cv,1.0178674791644973,0.9043412637161105,1.145645174790924,6931
MONOC,bayesian,1,1,mu,1.1485211172388077,1.0178951517591208,1.2959102462211514,6931
MONOC,bayesian,2,2,cv,1.063957466188209,0.9697844991336196,1.1672752976243057,8393
MONOC,bayesian,2,2,mu,1.1987145940553916,1.0870780082942728,1.3218156075625511,8393
MONOC,bayesian,3,3,cv,1.0871329688293376,1.006549791474996,1.174167539376067,9936
MONOC,bayesian,3,3,mu,1.2557769129128562,1.1573970886102272,1.3625191133827157,9936
MONOC,bayesian,4,4,cv,1.139951668093126,1.070190506181003,1.214260263086763,11287
MONOC,bayesian,4,4,mu,1.2718018767517714,1.186767207232674,1.362929480905525,11287
MONOC,bayesian,5,5,cv,1.1508867997906158,1.0648560281514377,1.243868082553519,7830
MONOC,bayesian,5,5,mu,1.3063921973295347,1.199958115327396,1.4222667870185168,7830
NONHDL,bayesian,1,1,cv,1.0948380891135454,0.9395042251876184,1.275854231666096,5385
NONHDL,bayesian,1,1,mu,0.7786735053906554,0.6563336583025354,0.9238173607697008,5385
NONHDL,bayesian,2,2,cv,1.1702689690236348,1.0466795172563417,1.308451572119788,7803
NONHDL,bayesian,2,2,mu,0.7153018223094177,0.625886218480915,0.8174915534024907,7803
NONHDL,bayesian,3,3,cv,1.171638249516452,1.08112654603642,1.269727575150793,10703
NONHDL,bayesian,3,3,mu,0.6922864301045455,0.6284629498650097,0.7625914963003598,10703
NONHDL,bayesian,4,4,cv,1.2112877850353012,1.1419132273042625,1.2848770494054242,13593
NONHDL,bayesian,4,4,mu,0.6772238907161265,0.6289684601935955,0.7291815523079198,13593
NONHDL,bayesian,5,5,cv,1.1434287431100674,1.0667613761655377,1.2256061381504169,9912
NONHDL,bayesian,5,5,mu,0.7006071825073552,0.6448635419447759,0.761169444779884,9912
P,bayesian,1,1,cv,0.8989733690133638,0.6964097220317913,1.1604563989104464,765
P,bayesian,1,1,mu,0.997960527585248,0.7700978276917453,1.2932450642061484,765
P,bayesian,2,2,cv,1.0428461121526882,0.8493082857449329,1.2804867583248647,1063
P,bayesian,2,2,mu,1.237510181139155,1.01066793856017,1.5152666766146656,1063
P,bayesian,3,3,cv,1.0669163664615036,0.901854676260462,1.262188424573479,1359
P,bayesian,3,3,mu,1.2410790349554468,1.0504695852985029,1.466274885596289,1359
P,bayesian,4,4,cv,1.0282939437107228,0.8958968782009589,1.1802568581280044,1704
P,bayesian,4,4,mu,1.122439068477651,0.978042541447428,1.2881540516432617,1704
P,bayesian,5,5,cv,1.0664978039137196,0.9087836302589032,1.2515823655722629,1277
P,bayesian,5,5,mu,1.0255928270990904,0.8752047838696999,1.2018223236239785,1277
PLT,bayesian,1,1,cv,1.2787755650786314,1.1631039957872131,1.4059507591454794,9357
PLT,bayesian,1,1,mu,0.9222785603077842,0.8274589555042793,1.0279636677386836,9357
PLT,bayesian,2,2,cv,1.3806930521120433,1.2812358122407663,1.4878707619142322,12133
PLT,bayesian,2,2,mu,1.029655180964101,0.9460541964892064,1.1206438231769014,12133
PLT,bayesian,3,3,cv,1.424843768520482,1.3442180409529796,1.5103053990053268,15353
PLT,bayesian,3,3,mu,0.9878119264539218,0.9219355353918796,1.058395478410369,15353
PLT,bayesian,4,4,cv,1.5231546672573175,1.4536198543617185,1.5960157213224482,18483
PLT,bayesian,4,4,mu,0.987677562095326,0.9327609340054924,1.0458274259809666,18483
PLT,bayesian,5,5,cv,1.4400793403008192,1.3651716981087116,1.5190972016445208,13134
PLT,bayesian,5,5,mu,0.9946825033693626,0.931544174373318,1.0621002307,13134
PROINR,bayesian,1,1,cv,1.1415598338523465,0.8255528751449639,1.5785286363834266,333
PROINR,bayesian,1,1,mu,1.335114054117691,0.976926381748849,1.824630361923048,333
PROINR,bayesian,2,2,cv,1.0578715226296669,0.8296565369025193,1.3488619791617422,555
PROINR,bayesian,2,2,mu,1.3829918834691677,1.1038655292353576,1.7326988651113069,555
PROINR,bayesian,3,3,cv,1.1629114606007098,0.950277255793134,1.4231247322316978,794
PROINR,bayesian,3,3,mu,1.2401876476627314,1.0377438152736502,1.4821243728729283,794
PROINR,bayesian,4,4,cv,1.1280175802492605,0.9615273329351164,1.3233359237612643,1036
PROINR,bayesian,4,4,mu,1.2674041836613843,1.0998885330984014,1.4604328678992342,1036
PROINR,bayesian,5,5,cv,1.152049783504005,0.9452907310180564,1.404032283530635,692
PROINR,bayesian,5,5,mu,1.2786617186865328,1.0735525858587631,1.5229582717893015,692
PROPAT,bayesian,1,1,cv,1.2530398746807567,0.8748865198791536,1.7946429529590224,303
PROPAT,bayesian,1,1,mu,1.3628178021022168,0.9594051670496444,1.935858202054703,303
PROPAT,bayesian,2,2,cv,1.0140911892447786,0.7878254998600238,1.3053410181399383,525
PROPAT,bayesian,2,2,mu,1.3868303567556814,1.0892401213845466,1.765724931224864,525
PROPAT,bayesian,3,3,cv,1.1359766039149668,0.940210536042004,1.372504130909389,761
PROPAT,bayesian,3,3,mu,1.244483564896369,1.0351726204212022,1.4961169883598808,761
PROPAT,bayesian,4,4,cv,1.1341551599134234,0.9757534293486532,1.3182714895677026,1001
PROPAT,bayesian,4,4,mu,1.2464666721011912,1.0762939748713571,1.4435453518586503,1001
PROPAT,bayesian,5,5,cv,1.1280061635701102,0.9401858797024686,1.3533471758316786,674
PROPAT,bayesian,5,5,mu,1.32103303588995,1.1072158332360742,1.57614101020585,674
RBC,bayesian,1,1,cv,1.4571855241438787,1.2514051381872795,1.6968043257759848,8678
RBC,bayesian,1,1,mu,0.8500617551446248,0.7329945105389486,0.9858259197988406,8678
RBC,bayesian,2,2,cv,1.4240810924119314,1.2749973251724795,1.590597029284602,11334
RBC,bayesian,2,2,mu,0.8573350675745742,0.7627281000969762,0.9636768567981776,11334
RBC,bayesian,3,3,cv,1.6329379051869464,1.50127354555348,1.77614946329669,14340
RBC,bayesian,3,3,mu,0.8762046105273705,0.7972883473284786,0.9629320710404392,14340
RBC,bayesian,4,4,cv,1.6946866911192868,1.5855868002411586,1.8112934470821955,17218
RBC,bayesian,4,4,mu,0.8453425619919629,0.7814886980576266,0.9144137962471738,17218
RBC,bayesian,5,5,cv,1.70552464880231,1.581595248540193,1.8391648118297448,12183
RBC,bayesian,5,5,mu,0.8137956060875822,0.7425235055144805,0.891908853482807,12183
RDWCV,bayesian,1,1,cv,1.193936480380478,1.065967919851572,1.337267559967294,8855
RDWCV,bayesian,1,1,mu,1.5075069448928895,1.3391041878515464,1.6970876571944766,8855
RDWCV,bayesian,2,2,cv,1.2856295819450156,1.1757435090292994,1.4057857085995848,11495
RDWCV,bayesian,2,2,mu,1.517557315264136,1.3793058288865494,1.6696661152884291,11495
RDWCV,bayesian,3,3,cv,1.398209265504743,1.3039120773758932,1.4993259009286146,14628
RDWCV,bayesian,3,3,mu,1.5495649211663471,1.4364046794443246,1.6716399488744054,14628
RDWCV,bayesian,4,4,cv,1.4512802899595771,1.3724873364743635,1.534596658236268,17586
RDWCV,bayesian,4,4,mu,1.5709488542945602,1.476228610672574,1.6717466962552758,17586
RDWCV,bayesian,5,5,cv,1.4539286887037426,1.365910861558756,1.5476182899837445,12496
RDWCV,bayesian,5,5,mu,1.5722254903120307,1.4635803515648789,1.6889356226625518,12496
TNEUT,bayesian,1,1,cv,0.8488977328336971,0.7535938276868734,0.9562543300309774,7089
TNEUT,bayesian,1,1,mu,1.4702237938622067,1.3256649525058368,1.630546240173807,7089
TNEUT,bayesian,2,2,cv,0.9175886545767912,0.8357651456337235,1.007422890756731,8558
TNEUT,bayesian,2,2,mu,1.3498967269450648,1.2410997725873345,1.4682310106448528,8558
TNEUT,bayesian,3,3,cv,0.9712908025587929,0.897718021447764,1.0508932655867351,10103
TNEUT,bayesian,3,3,mu,1.392195745052047,1.2962083260072517,1.4952912688898905,10103
TNEUT,bayesian,4,4,cv,1.0184132906222685,0.9528966254534724,1.0884345718219983,11503
TNEUT,bayesian,4,4,mu,1.3842197045674625,1.3017151376047944,1.471953528971373,11503
TNEUT,bayesian,5,5,cv,0.9910675315248284,0.9139717694011938,1.0746665104177489,8003
TNEUT,bayesian,5,5,mu,1.4212197195394318,1.3196951431439865,1.5305546146026563,8003
TP,bayesian,1,1,cv,1.0247893183287653,0.928269687680841,1.1313448676585616,10627
TP,bayesian,1,1,mu,1.0700021519473253,0.9641396540008914,1.1874883482085763,10627
TP,bayesian,2,2,cv,1.130167384524697,1.0451578906701413,1.2220912538146944,13776
TP,bayesian,2,2,mu,1.0164725934326428,0.9375074402418868,1.1020888889512197,13776
TP,bayesian,3,3,cv,1.2308199749276612,1.155814707476717,1.3106926230314,17280
TP,bayesian,3,3,mu,1.0124137709413854,0.9500697987428892,1.0788487803190758,17280
TP,bayesian,4,4,cv,1.3219582576821742,1.254194623087528,1.3933831343910408,20618
TP,bayesian,4,4,mu,0.986117350934226,0.93504325675395,1.0399812231033745,20618
TP,bayesian,5,5,cv,1.3521970653638071,1.272466137301123,1.4369238205871415,14581
TP,bayesian,5,5,mu,0.952418795720672,0.8955227134804562,1.0129297099752583,14581
TRIG,bayesian,1,1,cv,1.06822096746811,0.8764292951201655,1.3019829913171164,4268
TRIG,bayesian,1,1,mu,0.991960490273614,0.8141784584787669,1.208562574969588,4268
TRIG,bayesian,2,2,cv,0.9786363981440872,0.83381481394993,1.148611398777503,6307
TRIG,bayesian,2,2,mu,1.1467705508440194,0.9898052846798868,1.328627677218764,6307
TRIG,bayesian,3,3,cv,0.9186734542939836,0.8146596466325277,1.035967497731147,8699
TRIG,bayesian,3,3,mu,1.065945636383666,0.9599666419818228,1.1836245657241218,8699
TRIG,bayesian,4,4,cv,0.9762920877290832,0.898458870987837,1.0608679721915897,11128
TRIG,bayesian,4,4,mu,1.0720244832765906,0.99253601868897,1.1578788790581678,11128
TRIG,bayesian,5,5,cv,1.0102436482854162,0.9235415255394188,1.105085370476356,7989
TRIG,bayesian,5,5,mu,1.037517042498891,0.9515153546830124,1.1312918999969803,7989
TSH,bayesian,1,1,cv,1.0289877595552324,0.8668359524137658,1.2214719594476318,3077
TSH,bayesian,1,1,mu,1.1988564618071742,1.025808958895101,1.401095987273192,3077
TSH,bayesian,2,2,cv,0.971068652292514,0.8437407603568869,1.1176114415360692,4211
TSH,bayesian,2,2,mu,1.178837167685162,1.0393707788288051,1.3370176420409687,4211
TSH,bayesian,3,3,cv,1.074955767236246,0.9681186961834624,1.193582879940053,5822
TSH,bayesian,3,3,mu,1.0768631804246838,0.9725535296549068,1.1923603935362204,5822
TSH,bayesian,4,4,cv,1.039445158341782,0.9537308820727286,1.1328627996736929,7385
TSH,bayesian,4,4,mu,1.096899268867464,1.0105358885844844,1.190643518586313,7385
TSH,bayesian,5,5,cv,0.9801520018308228,0.881638432698517,1.089673397917179,4806
TSH,bayesian,5,5,mu,1.1132289524879828,1.0113088152913807,1.2254206449297365,4806
VITDT,bayesian,1,1,cv,0.9669017682667173,0.7234969338333149,1.292194874308471,1017
VITDT,bayesian,1,1,mu,1.084657307449879,0.8161448173381145,1.4415106848825658,1017
VITDT,bayesian,2,2,cv,0.8528627116064139,0.6908174500861944,1.0529189799098,1807
VITDT,bayesian,2,2,mu,1.2939141793903544,1.0572484170833278,1.583557730212671,1807
VITDT,bayesian,3,3,cv,1.1064408312562182,0.9433434192144656,1.297736633484302,2537
VITDT,bayesian,3,3,mu,1.1432137299708949,0.9724212784020384,1.3440035316191683,2537
VITDT,bayesian,4,4,cv,0.9787216536287504,0.860570139747027,1.1130947159790816,3076
VITDT,bayesian,4,4,mu,1.1055816563888208,0.9738535301596888,1.2551279644106428,3076
VITDT,bayesian,5,5,cv,1.054807809647432,0.9018805827847888,1.2336661155933903,1848
VITDT,bayesian,5,5,mu,1.048470807135062,0.8939130901834124,1.2297515781863055,1848
WBC,bayesian,1,1,cv,0.9488412187857772,0.8555511275340619,1.052303748417461,8789
WBC,bayesian,1,1,mu,1.2290936473559757,1.111891553998532,1.358649760885592,8789
WBC,bayesian,2,2,cv,0.9767080519160628,0.9001266191052836,1.0598049190300534,11566
WBC,bayesian,2,2,mu,1.183953548234205,1.0934289326535935,1.2819726664581022,11566
WBC,bayesian,3,3,cv,1.0567035802024134,0.9906570209141938,1.1271534273104546,14798
WBC,bayesian,3,3,mu,1.1667198122466609,1.0949648556529308,1.2431769962855794,14798
WBC,bayesian,4,4,cv,1.0892536316070227,1.0330429198095743,1.1485229231209446,17933
WBC,bayesian,4,4,mu,1.1961019876298875,1.135384775976115,1.260066186445206,17933
WBC,bayesian,5,5,cv,1.0336927018023745,0.9720967688456827,1.099191599030113,12784
WBC,bayesian,5,5,mu,1.2281437174604788,1.156813752685566,1.3038719389668476,12784
,bayesian,1,1,cv,1.0801628795237883,0.979630453428922,1.191012225290909,12748
,bayesian,1,1,mu,0.908264945134482,0.8279277922097734,0.9963975340872792,12748
,bayesian,2,2,cv,1.2101978068992,1.1162658461571475,1.312033989811286,17030
,bayesian,2,2,mu,0.9284548390125332,0.8638518710735043,0.9978891253827477,17030
,bayesian,3,3,cv,1.275930573697567,1.1998572250222077,1.3568271248823545,21975
,bayesian,3,3,mu,0.947442184217837,0.8954815426133127,1.0024178609151837,21975
,bayesian,4,4,cv,1.2778415817700943,1.2156432509567363,1.3432222873080466,26786
,bayesian,4,4,mu,0.9527566007803224,0.9094736873621746,0.998099398524972,26786
,bayesian,5,5,cv,1.3069244523511507,1.23615415961353,1.3817463710896372,20668
,bayesian,5,5,mu,0.9400085207275148,0.8920823698042686,0.9905094517608328,20668
